<?xml version="1.0" encoding="UTF-8" standalone="no"?><LogConfiguration>
	<LogDetails>
		<IP>192.168.0.52</IP>
		<CPU>89</CPU>
		<RAM>294</RAM>
		<DiskRead>501</DiskRead>
		<DiskWrite>324</DiskWrite>
		<NetRead>203</NetRead>
		<NetWrite>775</NetWrite>
	</LogDetails>
	<LogDetails>
		<IP>192.168.0.75</IP>
		<CPU>45</CPU>
		<RAM>496</RAM>
		<DiskRead>272</DiskRead>
		<DiskWrite>36</DiskWrite>
		<NetRead>273</NetRead>
		<NetWrite>552</NetWrite>
	</LogDetails>
	<LogDetails>
		<IP>192.168.0.75</IP>
		<CPU>60</CPU>
		<RAM>417</RAM>
		<DiskRead>215</DiskRead>
		<DiskWrite>850</DiskWrite>
		<NetRead>112</NetRead>
		<NetWrite>918</NetWrite>
	</LogDetails>
	<LogDetails>
		<IP>192.168.0.48</IP>
		<CPU>36</CPU>
		<RAM>743</RAM>
		<DiskRead>453</DiskRead>
		<DiskWrite>155</DiskWrite>
		<NetRead>493</NetRead>
		<NetWrite>97</NetWrite>
	</LogDetails>
	<LogDetails>
		<IP>192.168.0.92</IP>
		<CPU>44</CPU>
		<RAM>232</RAM>
		<DiskRead>505</DiskRead>
		<DiskWrite>17</DiskWrite>
		<NetRead>955</NetRead>
		<NetWrite>867</NetWrite>
	</LogDetails>
	<LogDetails>
		<IP>192.168.0.55</IP>
		<CPU>6</CPU>
		<RAM>991</RAM>
		<DiskRead>310</DiskRead>
		<DiskWrite>393</DiskWrite>
		<NetRead>469</NetRead>
		<NetWrite>515</NetWrite>
	</LogDetails>
	<LogDetails>
		<IP>192.168.0.92</IP>
		<CPU>2</CPU>
		<RAM>322</RAM>
		<DiskRead>656</DiskRead>
		<DiskWrite>138</DiskWrite>
		<NetRead>386</NetRead>
		<NetWrite>677</NetWrite>
	</LogDetails>
	<LogDetails>
		<IP>192.168.0.99</IP>
		<CPU>57</CPU>
		<RAM>219</RAM>
		<DiskRead>156</DiskRead>
		<DiskWrite>454</DiskWrite>
		<NetRead>526</NetRead>
		<NetWrite>57</NetWrite>
	</LogDetails>
	<LogDetails>
		<IP>192.168.0.52</IP>
		<CPU>53</CPU>
		<RAM>781</RAM>
		<DiskRead>242</DiskRead>
		<DiskWrite>809</DiskWrite>
		<NetRead>979</NetRead>
		<NetWrite>185</NetWrite>
	</LogDetails>
	<LogDetails>
		<IP>192.168.0.75</IP>
		<CPU>26</CPU>
		<RAM>516</RAM>
		<DiskRead>858</DiskRead>
		<DiskWrite>286</DiskWrite>
		<NetRead>17</NetRead>
		<NetWrite>788</NetWrite>
	</LogDetails>
	<LogDetails>
		<IP>192.168.0.52</IP>
		<CPU>61</CPU>
		<RAM>246</RAM>
		<DiskRead>121</DiskRead>
		<DiskWrite>550</DiskWrite>
		<NetRead>884</NetRead>
		<NetWrite>311</NetWrite>
	</LogDetails>
	<LogDetails>
		<IP>192.168.0.48</IP>
		<CPU>11</CPU>
		<RAM>729</RAM>
		<DiskRead>391</DiskRead>
		<DiskWrite>645</DiskWrite>
		<NetRead>587</NetRead>
		<NetWrite>472</NetWrite>
	</LogDetails>
	<LogDetails>
		<IP>192.168.0.92</IP>
		<CPU>25</CPU>
		<RAM>961</RAM>
		<DiskRead>191</DiskRead>
		<DiskWrite>894</DiskWrite>
		<NetRead>375</NetRead>
		<NetWrite>130</NetWrite>
	</LogDetails>
	<LogDetails>
		<IP>192.168.0.99</IP>
		<CPU>73</CPU>
		<RAM>615</RAM>
		<DiskRead>224</DiskRead>
		<DiskWrite>465</DiskWrite>
		<NetRead>286</NetRead>
		<NetWrite>295</NetWrite>
	</LogDetails>
	<LogDetails>
		<IP>192.168.0.99</IP>
		<CPU>30</CPU>
		<RAM>979</RAM>
		<DiskRead>45</DiskRead>
		<DiskWrite>274</DiskWrite>
		<NetRead>609</NetRead>
		<NetWrite>124</NetWrite>
	</LogDetails>
</LogConfiguration>