<?xml version="1.0" encoding="UTF-8" standalone="no"?><LogConfiguration>
	<LogDetails>
		<IP>192.168.0.75</IP>
		<CPU>61</CPU>
		<RAM>733</RAM>
		<DiskRead>214</DiskRead>
		<DiskWrite>156</DiskWrite>
		<NetRead>826</NetRead>
		<NetWrite>404</NetWrite>
	</LogDetails>
	<LogDetails>
		<IP>192.168.0.99</IP>
		<CPU>71</CPU>
		<RAM>121</RAM>
		<DiskRead>337</DiskRead>
		<DiskWrite>288</DiskWrite>
		<NetRead>481</NetRead>
		<NetWrite>829</NetWrite>
	</LogDetails>
	<LogDetails>
		<IP>192.168.0.48</IP>
		<CPU>37</CPU>
		<RAM>531</RAM>
		<DiskRead>13</DiskRead>
		<DiskWrite>285</DiskWrite>
		<NetRead>184</NetRead>
		<NetWrite>618</NetWrite>
	</LogDetails>
	<LogDetails>
		<IP>192.168.0.55</IP>
		<CPU>90</CPU>
		<RAM>258</RAM>
		<DiskRead>656</DiskRead>
		<DiskWrite>727</DiskWrite>
		<NetRead>118</NetRead>
		<NetWrite>179</NetWrite>
	</LogDetails>
	<LogDetails>
		<IP>192.168.0.75</IP>
		<CPU>23</CPU>
		<RAM>994</RAM>
		<DiskRead>674</DiskRead>
		<DiskWrite>115</DiskWrite>
		<NetRead>136</NetRead>
		<NetWrite>91</NetWrite>
	</LogDetails>
	<LogDetails>
		<IP>192.168.0.52</IP>
		<CPU>68</CPU>
		<RAM>101</RAM>
		<DiskRead>881</DiskRead>
		<DiskWrite>654</DiskWrite>
		<NetRead>743</NetRead>
		<NetWrite>652</NetWrite>
	</LogDetails>
	<LogDetails>
		<IP>192.168.0.48</IP>
		<CPU>47</CPU>
		<RAM>395</RAM>
		<DiskRead>41</DiskRead>
		<DiskWrite>125</DiskWrite>
		<NetRead>906</NetRead>
		<NetWrite>136</NetWrite>
	</LogDetails>
	<LogDetails>
		<IP>192.168.0.92</IP>
		<CPU>30</CPU>
		<RAM>612</RAM>
		<DiskRead>461</DiskRead>
		<DiskWrite>107</DiskWrite>
		<NetRead>905</NetRead>
		<NetWrite>486</NetWrite>
	</LogDetails>
	<LogDetails>
		<IP>192.168.0.52</IP>
		<CPU>80</CPU>
		<RAM>887</RAM>
		<DiskRead>852</DiskRead>
		<DiskWrite>82</DiskWrite>
		<NetRead>358</NetRead>
		<NetWrite>461</NetWrite>
	</LogDetails>
	<LogDetails>
		<IP>192.168.0.55</IP>
		<CPU>82</CPU>
		<RAM>453</RAM>
		<DiskRead>719</DiskRead>
		<DiskWrite>941</DiskWrite>
		<NetRead>632</NetRead>
		<NetWrite>174</NetWrite>
	</LogDetails>
	<LogDetails>
		<IP>192.168.0.75</IP>
		<CPU>92</CPU>
		<RAM>13</RAM>
		<DiskRead>240</DiskRead>
		<DiskWrite>457</DiskWrite>
		<NetRead>842</NetRead>
		<NetWrite>593</NetWrite>
	</LogDetails>
	<LogDetails>
		<IP>192.168.0.55</IP>
		<CPU>72</CPU>
		<RAM>264</RAM>
		<DiskRead>869</DiskRead>
		<DiskWrite>995</DiskWrite>
		<NetRead>215</NetRead>
		<NetWrite>80</NetWrite>
	</LogDetails>
	<LogDetails>
		<IP>192.168.0.55</IP>
		<CPU>13</CPU>
		<RAM>36</RAM>
		<DiskRead>726</DiskRead>
		<DiskWrite>760</DiskWrite>
		<NetRead>819</NetRead>
		<NetWrite>382</NetWrite>
	</LogDetails>
	<LogDetails>
		<IP>192.168.0.99</IP>
		<CPU>4</CPU>
		<RAM>471</RAM>
		<DiskRead>9</DiskRead>
		<DiskWrite>911</DiskWrite>
		<NetRead>189</NetRead>
		<NetWrite>256</NetWrite>
	</LogDetails>
	<LogDetails>
		<IP>192.168.0.48</IP>
		<CPU>25</CPU>
		<RAM>158</RAM>
		<DiskRead>938</DiskRead>
		<DiskWrite>587</DiskWrite>
		<NetRead>563</NetRead>
		<NetWrite>75</NetWrite>
	</LogDetails>
</LogConfiguration>