<?xml version="1.0" encoding="UTF-8" standalone="no"?><LogConfiguration>
	<LogDetails>
		<IP>192.168.0.48</IP>
		<CPU>63</CPU>
		<RAM>985</RAM>
		<DiskRead>800</DiskRead>
		<DiskWrite>110</DiskWrite>
		<NetRead>784</NetRead>
		<NetWrite>730</NetWrite>
	</LogDetails>
	<LogDetails>
		<IP>192.168.0.99</IP>
		<CPU>68</CPU>
		<RAM>818</RAM>
		<DiskRead>40</DiskRead>
		<DiskWrite>2</DiskWrite>
		<NetRead>386</NetRead>
		<NetWrite>252</NetWrite>
	</LogDetails>
	<LogDetails>
		<IP>192.168.0.52</IP>
		<CPU>17</CPU>
		<RAM>595</RAM>
		<DiskRead>831</DiskRead>
		<DiskWrite>959</DiskWrite>
		<NetRead>347</NetRead>
		<NetWrite>497</NetWrite>
	</LogDetails>
	<LogDetails>
		<IP>192.168.0.75</IP>
		<CPU>14</CPU>
		<RAM>613</RAM>
		<DiskRead>6</DiskRead>
		<DiskWrite>279</DiskWrite>
		<NetRead>980</NetRead>
		<NetWrite>757</NetWrite>
	</LogDetails>
	<LogDetails>
		<IP>192.168.0.99</IP>
		<CPU>24</CPU>
		<RAM>880</RAM>
		<DiskRead>98</DiskRead>
		<DiskWrite>672</DiskWrite>
		<NetRead>619</NetRead>
		<NetWrite>119</NetWrite>
	</LogDetails>
	<LogDetails>
		<IP>192.168.0.55</IP>
		<CPU>74</CPU>
		<RAM>798</RAM>
		<DiskRead>883</DiskRead>
		<DiskWrite>956</DiskWrite>
		<NetRead>165</NetRead>
		<NetWrite>826</NetWrite>
	</LogDetails>
	<LogDetails>
		<IP>192.168.0.52</IP>
		<CPU>48</CPU>
		<RAM>767</RAM>
		<DiskRead>875</DiskRead>
		<DiskWrite>930</DiskWrite>
		<NetRead>760</NetRead>
		<NetWrite>407</NetWrite>
	</LogDetails>
	<LogDetails>
		<IP>192.168.0.92</IP>
		<CPU>4</CPU>
		<RAM>357</RAM>
		<DiskRead>992</DiskRead>
		<DiskWrite>921</DiskWrite>
		<NetRead>561</NetRead>
		<NetWrite>406</NetWrite>
	</LogDetails>
	<LogDetails>
		<IP>192.168.0.48</IP>
		<CPU>76</CPU>
		<RAM>180</RAM>
		<DiskRead>246</DiskRead>
		<DiskWrite>784</DiskWrite>
		<NetRead>23</NetRead>
		<NetWrite>206</NetWrite>
	</LogDetails>
	<LogDetails>
		<IP>192.168.0.75</IP>
		<CPU>35</CPU>
		<RAM>869</RAM>
		<DiskRead>807</DiskRead>
		<DiskWrite>159</DiskWrite>
		<NetRead>298</NetRead>
		<NetWrite>114</NetWrite>
	</LogDetails>
	<LogDetails>
		<IP>192.168.0.92</IP>
		<CPU>91</CPU>
		<RAM>380</RAM>
		<DiskRead>805</DiskRead>
		<DiskWrite>510</DiskWrite>
		<NetRead>872</NetRead>
		<NetWrite>2</NetWrite>
	</LogDetails>
	<LogDetails>
		<IP>192.168.0.48</IP>
		<CPU>50</CPU>
		<RAM>806</RAM>
		<DiskRead>984</DiskRead>
		<DiskWrite>924</DiskWrite>
		<NetRead>273</NetRead>
		<NetWrite>334</NetWrite>
	</LogDetails>
	<LogDetails>
		<IP>192.168.0.75</IP>
		<CPU>49</CPU>
		<RAM>881</RAM>
		<DiskRead>496</DiskRead>
		<DiskWrite>224</DiskWrite>
		<NetRead>223</NetRead>
		<NetWrite>832</NetWrite>
	</LogDetails>
	<LogDetails>
		<IP>192.168.0.75</IP>
		<CPU>11</CPU>
		<RAM>896</RAM>
		<DiskRead>477</DiskRead>
		<DiskWrite>173</DiskWrite>
		<NetRead>651</NetRead>
		<NetWrite>362</NetWrite>
	</LogDetails>
	<LogDetails>
		<IP>192.168.0.52</IP>
		<CPU>85</CPU>
		<RAM>179</RAM>
		<DiskRead>359</DiskRead>
		<DiskWrite>54</DiskWrite>
		<NetRead>709</NetRead>
		<NetWrite>826</NetWrite>
	</LogDetails>
</LogConfiguration>