<?xml version="1.0" encoding="UTF-8" standalone="no"?><LogConfiguration>
	<LogDetails>
		<IP>192.168.0.99</IP>
		<CPU>0</CPU>
		<RAM>928</RAM>
		<DiskRead>815</DiskRead>
		<DiskWrite>360</DiskWrite>
		<NetRead>102</NetRead>
		<NetWrite>373</NetWrite>
	</LogDetails>
	<LogDetails>
		<IP>192.168.0.75</IP>
		<CPU>31</CPU>
		<RAM>886</RAM>
		<DiskRead>916</DiskRead>
		<DiskWrite>349</DiskWrite>
		<NetRead>623</NetRead>
		<NetWrite>333</NetWrite>
	</LogDetails>
	<LogDetails>
		<IP>192.168.0.55</IP>
		<CPU>68</CPU>
		<RAM>449</RAM>
		<DiskRead>528</DiskRead>
		<DiskWrite>32</DiskWrite>
		<NetRead>616</NetRead>
		<NetWrite>914</NetWrite>
	</LogDetails>
	<LogDetails>
		<IP>192.168.0.52</IP>
		<CPU>4</CPU>
		<RAM>621</RAM>
		<DiskRead>827</DiskRead>
		<DiskWrite>993</DiskWrite>
		<NetRead>320</NetRead>
		<NetWrite>888</NetWrite>
	</LogDetails>
	<LogDetails>
		<IP>192.168.0.92</IP>
		<CPU>85</CPU>
		<RAM>449</RAM>
		<DiskRead>788</DiskRead>
		<DiskWrite>650</DiskWrite>
		<NetRead>491</NetRead>
		<NetWrite>748</NetWrite>
	</LogDetails>
	<LogDetails>
		<IP>192.168.0.48</IP>
		<CPU>25</CPU>
		<RAM>538</RAM>
		<DiskRead>596</DiskRead>
		<DiskWrite>867</DiskWrite>
		<NetRead>105</NetRead>
		<NetWrite>463</NetWrite>
	</LogDetails>
	<LogDetails>
		<IP>192.168.0.92</IP>
		<CPU>97</CPU>
		<RAM>48</RAM>
		<DiskRead>403</DiskRead>
		<DiskWrite>54</DiskWrite>
		<NetRead>212</NetRead>
		<NetWrite>663</NetWrite>
	</LogDetails>
	<LogDetails>
		<IP>192.168.0.99</IP>
		<CPU>27</CPU>
		<RAM>235</RAM>
		<DiskRead>569</DiskRead>
		<DiskWrite>875</DiskWrite>
		<NetRead>405</NetRead>
		<NetWrite>825</NetWrite>
	</LogDetails>
	<LogDetails>
		<IP>192.168.0.48</IP>
		<CPU>55</CPU>
		<RAM>904</RAM>
		<DiskRead>518</DiskRead>
		<DiskWrite>401</DiskWrite>
		<NetRead>486</NetRead>
		<NetWrite>146</NetWrite>
	</LogDetails>
	<LogDetails>
		<IP>192.168.0.99</IP>
		<CPU>10</CPU>
		<RAM>754</RAM>
		<DiskRead>798</DiskRead>
		<DiskWrite>813</DiskWrite>
		<NetRead>347</NetRead>
		<NetWrite>809</NetWrite>
	</LogDetails>
	<LogDetails>
		<IP>192.168.0.52</IP>
		<CPU>79</CPU>
		<RAM>390</RAM>
		<DiskRead>31</DiskRead>
		<DiskWrite>17</DiskWrite>
		<NetRead>53</NetRead>
		<NetWrite>81</NetWrite>
	</LogDetails>
	<LogDetails>
		<IP>192.168.0.48</IP>
		<CPU>16</CPU>
		<RAM>509</RAM>
		<DiskRead>553</DiskRead>
		<DiskWrite>464</DiskWrite>
		<NetRead>529</NetRead>
		<NetWrite>10</NetWrite>
	</LogDetails>
	<LogDetails>
		<IP>192.168.0.92</IP>
		<CPU>24</CPU>
		<RAM>192</RAM>
		<DiskRead>402</DiskRead>
		<DiskWrite>261</DiskWrite>
		<NetRead>116</NetRead>
		<NetWrite>420</NetWrite>
	</LogDetails>
	<LogDetails>
		<IP>192.168.0.52</IP>
		<CPU>76</CPU>
		<RAM>448</RAM>
		<DiskRead>462</DiskRead>
		<DiskWrite>894</DiskWrite>
		<NetRead>823</NetRead>
		<NetWrite>590</NetWrite>
	</LogDetails>
	<LogDetails>
		<IP>192.168.0.92</IP>
		<CPU>19</CPU>
		<RAM>345</RAM>
		<DiskRead>2</DiskRead>
		<DiskWrite>712</DiskWrite>
		<NetRead>538</NetRead>
		<NetWrite>745</NetWrite>
	</LogDetails>
</LogConfiguration>