<?xml version="1.0" encoding="UTF-8" standalone="no"?><LogConfiguration>
	<LogDetails>
		<IP>192.168.0.99</IP>
		<CPU>33</CPU>
		<RAM>980</RAM>
		<DiskRead>963</DiskRead>
		<DiskWrite>34</DiskWrite>
		<NetRead>347</NetRead>
		<NetWrite>490</NetWrite>
	</LogDetails>
	<LogDetails>
		<IP>192.168.0.99</IP>
		<CPU>60</CPU>
		<RAM>870</RAM>
		<DiskRead>222</DiskRead>
		<DiskWrite>168</DiskWrite>
		<NetRead>324</NetRead>
		<NetWrite>278</NetWrite>
	</LogDetails>
	<LogDetails>
		<IP>192.168.0.92</IP>
		<CPU>61</CPU>
		<RAM>847</RAM>
		<DiskRead>257</DiskRead>
		<DiskWrite>876</DiskWrite>
		<NetRead>69</NetRead>
		<NetWrite>184</NetWrite>
	</LogDetails>
	<LogDetails>
		<IP>192.168.0.48</IP>
		<CPU>13</CPU>
		<RAM>2</RAM>
		<DiskRead>219</DiskRead>
		<DiskWrite>428</DiskWrite>
		<NetRead>143</NetRead>
		<NetWrite>593</NetWrite>
	</LogDetails>
	<LogDetails>
		<IP>192.168.0.52</IP>
		<CPU>88</CPU>
		<RAM>236</RAM>
		<DiskRead>206</DiskRead>
		<DiskWrite>50</DiskWrite>
		<NetRead>14</NetRead>
		<NetWrite>511</NetWrite>
	</LogDetails>
	<LogDetails>
		<IP>192.168.0.48</IP>
		<CPU>12</CPU>
		<RAM>316</RAM>
		<DiskRead>844</DiskRead>
		<DiskWrite>521</DiskWrite>
		<NetRead>858</NetRead>
		<NetWrite>843</NetWrite>
	</LogDetails>
	<LogDetails>
		<IP>192.168.0.55</IP>
		<CPU>79</CPU>
		<RAM>854</RAM>
		<DiskRead>653</DiskRead>
		<DiskWrite>861</DiskWrite>
		<NetRead>321</NetRead>
		<NetWrite>360</NetWrite>
	</LogDetails>
	<LogDetails>
		<IP>192.168.0.99</IP>
		<CPU>17</CPU>
		<RAM>349</RAM>
		<DiskRead>6</DiskRead>
		<DiskWrite>287</DiskWrite>
		<NetRead>558</NetRead>
		<NetWrite>416</NetWrite>
	</LogDetails>
	<LogDetails>
		<IP>192.168.0.52</IP>
		<CPU>20</CPU>
		<RAM>727</RAM>
		<DiskRead>806</DiskRead>
		<DiskWrite>547</DiskWrite>
		<NetRead>471</NetRead>
		<NetWrite>482</NetWrite>
	</LogDetails>
	<LogDetails>
		<IP>192.168.0.99</IP>
		<CPU>30</CPU>
		<RAM>435</RAM>
		<DiskRead>19</DiskRead>
		<DiskWrite>279</DiskWrite>
		<NetRead>194</NetRead>
		<NetWrite>965</NetWrite>
	</LogDetails>
	<LogDetails>
		<IP>192.168.0.92</IP>
		<CPU>1</CPU>
		<RAM>560</RAM>
		<DiskRead>141</DiskRead>
		<DiskWrite>532</DiskWrite>
		<NetRead>941</NetRead>
		<NetWrite>516</NetWrite>
	</LogDetails>
	<LogDetails>
		<IP>192.168.0.52</IP>
		<CPU>24</CPU>
		<RAM>513</RAM>
		<DiskRead>414</DiskRead>
		<DiskWrite>108</DiskWrite>
		<NetRead>806</NetRead>
		<NetWrite>950</NetWrite>
	</LogDetails>
	<LogDetails>
		<IP>192.168.0.48</IP>
		<CPU>16</CPU>
		<RAM>135</RAM>
		<DiskRead>324</DiskRead>
		<DiskWrite>689</DiskWrite>
		<NetRead>602</NetRead>
		<NetWrite>971</NetWrite>
	</LogDetails>
	<LogDetails>
		<IP>192.168.0.75</IP>
		<CPU>5</CPU>
		<RAM>124</RAM>
		<DiskRead>13</DiskRead>
		<DiskWrite>682</DiskWrite>
		<NetRead>311</NetRead>
		<NetWrite>936</NetWrite>
	</LogDetails>
	<LogDetails>
		<IP>192.168.0.55</IP>
		<CPU>30</CPU>
		<RAM>239</RAM>
		<DiskRead>613</DiskRead>
		<DiskWrite>556</DiskWrite>
		<NetRead>797</NetRead>
		<NetWrite>52</NetWrite>
	</LogDetails>
</LogConfiguration>