<?xml version="1.0" encoding="UTF-8" standalone="no"?><LogConfiguration>
	<LogDetails>
		<IP>192.168.0.99</IP>
		<CPU>50</CPU>
		<RAM>946</RAM>
		<DiskRead>954</DiskRead>
		<DiskWrite>376</DiskWrite>
		<NetRead>835</NetRead>
		<NetWrite>60</NetWrite>
	</LogDetails>
	<LogDetails>
		<IP>192.168.0.48</IP>
		<CPU>24</CPU>
		<RAM>787</RAM>
		<DiskRead>743</DiskRead>
		<DiskWrite>194</DiskWrite>
		<NetRead>729</NetRead>
		<NetWrite>611</NetWrite>
	</LogDetails>
	<LogDetails>
		<IP>192.168.0.48</IP>
		<CPU>41</CPU>
		<RAM>992</RAM>
		<DiskRead>638</DiskRead>
		<DiskWrite>876</DiskWrite>
		<NetRead>943</NetRead>
		<NetWrite>878</NetWrite>
	</LogDetails>
	<LogDetails>
		<IP>192.168.0.52</IP>
		<CPU>77</CPU>
		<RAM>772</RAM>
		<DiskRead>414</DiskRead>
		<DiskWrite>248</DiskWrite>
		<NetRead>127</NetRead>
		<NetWrite>478</NetWrite>
	</LogDetails>
	<LogDetails>
		<IP>192.168.0.48</IP>
		<CPU>71</CPU>
		<RAM>506</RAM>
		<DiskRead>738</DiskRead>
		<DiskWrite>434</DiskWrite>
		<NetRead>667</NetRead>
		<NetWrite>539</NetWrite>
	</LogDetails>
	<LogDetails>
		<IP>192.168.0.48</IP>
		<CPU>59</CPU>
		<RAM>497</RAM>
		<DiskRead>764</DiskRead>
		<DiskWrite>957</DiskWrite>
		<NetRead>679</NetRead>
		<NetWrite>906</NetWrite>
	</LogDetails>
	<LogDetails>
		<IP>192.168.0.52</IP>
		<CPU>87</CPU>
		<RAM>51</RAM>
		<DiskRead>159</DiskRead>
		<DiskWrite>441</DiskWrite>
		<NetRead>153</NetRead>
		<NetWrite>46</NetWrite>
	</LogDetails>
	<LogDetails>
		<IP>192.168.0.52</IP>
		<CPU>61</CPU>
		<RAM>280</RAM>
		<DiskRead>657</DiskRead>
		<DiskWrite>930</DiskWrite>
		<NetRead>545</NetRead>
		<NetWrite>836</NetWrite>
	</LogDetails>
	<LogDetails>
		<IP>192.168.0.75</IP>
		<CPU>85</CPU>
		<RAM>141</RAM>
		<DiskRead>507</DiskRead>
		<DiskWrite>510</DiskWrite>
		<NetRead>692</NetRead>
		<NetWrite>356</NetWrite>
	</LogDetails>
	<LogDetails>
		<IP>192.168.0.55</IP>
		<CPU>77</CPU>
		<RAM>57</RAM>
		<DiskRead>124</DiskRead>
		<DiskWrite>318</DiskWrite>
		<NetRead>45</NetRead>
		<NetWrite>652</NetWrite>
	</LogDetails>
	<LogDetails>
		<IP>192.168.0.52</IP>
		<CPU>2</CPU>
		<RAM>324</RAM>
		<DiskRead>77</DiskRead>
		<DiskWrite>51</DiskWrite>
		<NetRead>183</NetRead>
		<NetWrite>365</NetWrite>
	</LogDetails>
	<LogDetails>
		<IP>192.168.0.99</IP>
		<CPU>96</CPU>
		<RAM>255</RAM>
		<DiskRead>389</DiskRead>
		<DiskWrite>302</DiskWrite>
		<NetRead>84</NetRead>
		<NetWrite>621</NetWrite>
	</LogDetails>
	<LogDetails>
		<IP>192.168.0.55</IP>
		<CPU>70</CPU>
		<RAM>949</RAM>
		<DiskRead>361</DiskRead>
		<DiskWrite>849</DiskWrite>
		<NetRead>548</NetRead>
		<NetWrite>214</NetWrite>
	</LogDetails>
	<LogDetails>
		<IP>192.168.0.99</IP>
		<CPU>37</CPU>
		<RAM>167</RAM>
		<DiskRead>729</DiskRead>
		<DiskWrite>88</DiskWrite>
		<NetRead>304</NetRead>
		<NetWrite>498</NetWrite>
	</LogDetails>
	<LogDetails>
		<IP>192.168.0.55</IP>
		<CPU>33</CPU>
		<RAM>561</RAM>
		<DiskRead>589</DiskRead>
		<DiskWrite>255</DiskWrite>
		<NetRead>179</NetRead>
		<NetWrite>666</NetWrite>
	</LogDetails>
</LogConfiguration>