<?xml version="1.0" encoding="UTF-8" standalone="no"?><LogConfiguration>
	<LogDetails>
		<IP>192.168.0.92</IP>
		<CPU>65</CPU>
		<RAM>442</RAM>
		<DiskRead>339</DiskRead>
		<DiskWrite>507</DiskWrite>
		<NetRead>484</NetRead>
		<NetWrite>655</NetWrite>
	</LogDetails>
	<LogDetails>
		<IP>192.168.0.48</IP>
		<CPU>68</CPU>
		<RAM>130</RAM>
		<DiskRead>722</DiskRead>
		<DiskWrite>208</DiskWrite>
		<NetRead>56</NetRead>
		<NetWrite>624</NetWrite>
	</LogDetails>
	<LogDetails>
		<IP>192.168.0.99</IP>
		<CPU>60</CPU>
		<RAM>510</RAM>
		<DiskRead>565</DiskRead>
		<DiskWrite>934</DiskWrite>
		<NetRead>243</NetRead>
		<NetWrite>500</NetWrite>
	</LogDetails>
	<LogDetails>
		<IP>192.168.0.55</IP>
		<CPU>35</CPU>
		<RAM>638</RAM>
		<DiskRead>318</DiskRead>
		<DiskWrite>160</DiskWrite>
		<NetRead>416</NetRead>
		<NetWrite>630</NetWrite>
	</LogDetails>
	<LogDetails>
		<IP>192.168.0.52</IP>
		<CPU>62</CPU>
		<RAM>50</RAM>
		<DiskRead>122</DiskRead>
		<DiskWrite>4</DiskWrite>
		<NetRead>567</NetRead>
		<NetWrite>275</NetWrite>
	</LogDetails>
	<LogDetails>
		<IP>192.168.0.55</IP>
		<CPU>88</CPU>
		<RAM>862</RAM>
		<DiskRead>846</DiskRead>
		<DiskWrite>826</DiskWrite>
		<NetRead>867</NetRead>
		<NetWrite>621</NetWrite>
	</LogDetails>
	<LogDetails>
		<IP>192.168.0.99</IP>
		<CPU>29</CPU>
		<RAM>922</RAM>
		<DiskRead>60</DiskRead>
		<DiskWrite>18</DiskWrite>
		<NetRead>976</NetRead>
		<NetWrite>674</NetWrite>
	</LogDetails>
	<LogDetails>
		<IP>192.168.0.48</IP>
		<CPU>79</CPU>
		<RAM>596</RAM>
		<DiskRead>782</DiskRead>
		<DiskWrite>628</DiskWrite>
		<NetRead>220</NetRead>
		<NetWrite>507</NetWrite>
	</LogDetails>
	<LogDetails>
		<IP>192.168.0.55</IP>
		<CPU>70</CPU>
		<RAM>923</RAM>
		<DiskRead>234</DiskRead>
		<DiskWrite>233</DiskWrite>
		<NetRead>305</NetRead>
		<NetWrite>481</NetWrite>
	</LogDetails>
	<LogDetails>
		<IP>192.168.0.55</IP>
		<CPU>41</CPU>
		<RAM>298</RAM>
		<DiskRead>325</DiskRead>
		<DiskWrite>67</DiskWrite>
		<NetRead>138</NetRead>
		<NetWrite>374</NetWrite>
	</LogDetails>
	<LogDetails>
		<IP>192.168.0.48</IP>
		<CPU>19</CPU>
		<RAM>557</RAM>
		<DiskRead>696</DiskRead>
		<DiskWrite>68</DiskWrite>
		<NetRead>85</NetRead>
		<NetWrite>584</NetWrite>
	</LogDetails>
	<LogDetails>
		<IP>192.168.0.48</IP>
		<CPU>0</CPU>
		<RAM>928</RAM>
		<DiskRead>263</DiskRead>
		<DiskWrite>928</DiskWrite>
		<NetRead>253</NetRead>
		<NetWrite>181</NetWrite>
	</LogDetails>
	<LogDetails>
		<IP>192.168.0.52</IP>
		<CPU>33</CPU>
		<RAM>294</RAM>
		<DiskRead>594</DiskRead>
		<DiskWrite>791</DiskWrite>
		<NetRead>375</NetRead>
		<NetWrite>806</NetWrite>
	</LogDetails>
	<LogDetails>
		<IP>192.168.0.48</IP>
		<CPU>50</CPU>
		<RAM>787</RAM>
		<DiskRead>179</DiskRead>
		<DiskWrite>634</DiskWrite>
		<NetRead>359</NetRead>
		<NetWrite>205</NetWrite>
	</LogDetails>
	<LogDetails>
		<IP>192.168.0.99</IP>
		<CPU>97</CPU>
		<RAM>725</RAM>
		<DiskRead>264</DiskRead>
		<DiskWrite>644</DiskWrite>
		<NetRead>996</NetRead>
		<NetWrite>494</NetWrite>
	</LogDetails>
</LogConfiguration>