<?xml version="1.0" encoding="UTF-8" standalone="no"?><LogConfiguration>
	<LogDetails>
		<IP>192.168.0.92</IP>
		<CPU>23</CPU>
		<RAM>549</RAM>
		<DiskRead>376</DiskRead>
		<DiskWrite>496</DiskWrite>
		<NetRead>606</NetRead>
		<NetWrite>9</NetWrite>
	</LogDetails>
	<LogDetails>
		<IP>192.168.0.48</IP>
		<CPU>53</CPU>
		<RAM>756</RAM>
		<DiskRead>163</DiskRead>
		<DiskWrite>790</DiskWrite>
		<NetRead>435</NetRead>
		<NetWrite>295</NetWrite>
	</LogDetails>
	<LogDetails>
		<IP>192.168.0.52</IP>
		<CPU>91</CPU>
		<RAM>131</RAM>
		<DiskRead>199</DiskRead>
		<DiskWrite>4</DiskWrite>
		<NetRead>163</NetRead>
		<NetWrite>509</NetWrite>
	</LogDetails>
	<LogDetails>
		<IP>192.168.0.52</IP>
		<CPU>15</CPU>
		<RAM>249</RAM>
		<DiskRead>646</DiskRead>
		<DiskWrite>639</DiskWrite>
		<NetRead>718</NetRead>
		<NetWrite>71</NetWrite>
	</LogDetails>
	<LogDetails>
		<IP>192.168.0.75</IP>
		<CPU>13</CPU>
		<RAM>548</RAM>
		<DiskRead>760</DiskRead>
		<DiskWrite>551</DiskWrite>
		<NetRead>788</NetRead>
		<NetWrite>364</NetWrite>
	</LogDetails>
	<LogDetails>
		<IP>192.168.0.99</IP>
		<CPU>19</CPU>
		<RAM>778</RAM>
		<DiskRead>620</DiskRead>
		<DiskWrite>395</DiskWrite>
		<NetRead>635</NetRead>
		<NetWrite>461</NetWrite>
	</LogDetails>
	<LogDetails>
		<IP>192.168.0.75</IP>
		<CPU>87</CPU>
		<RAM>775</RAM>
		<DiskRead>107</DiskRead>
		<DiskWrite>858</DiskWrite>
		<NetRead>894</NetRead>
		<NetWrite>434</NetWrite>
	</LogDetails>
	<LogDetails>
		<IP>192.168.0.48</IP>
		<CPU>22</CPU>
		<RAM>566</RAM>
		<DiskRead>133</DiskRead>
		<DiskWrite>935</DiskWrite>
		<NetRead>514</NetRead>
		<NetWrite>991</NetWrite>
	</LogDetails>
	<LogDetails>
		<IP>192.168.0.75</IP>
		<CPU>93</CPU>
		<RAM>531</RAM>
		<DiskRead>252</DiskRead>
		<DiskWrite>659</DiskWrite>
		<NetRead>675</NetRead>
		<NetWrite>481</NetWrite>
	</LogDetails>
	<LogDetails>
		<IP>192.168.0.55</IP>
		<CPU>26</CPU>
		<RAM>928</RAM>
		<DiskRead>854</DiskRead>
		<DiskWrite>894</DiskWrite>
		<NetRead>266</NetRead>
		<NetWrite>830</NetWrite>
	</LogDetails>
	<LogDetails>
		<IP>192.168.0.55</IP>
		<CPU>19</CPU>
		<RAM>294</RAM>
		<DiskRead>34</DiskRead>
		<DiskWrite>406</DiskWrite>
		<NetRead>85</NetRead>
		<NetWrite>392</NetWrite>
	</LogDetails>
	<LogDetails>
		<IP>192.168.0.99</IP>
		<CPU>77</CPU>
		<RAM>616</RAM>
		<DiskRead>464</DiskRead>
		<DiskWrite>584</DiskWrite>
		<NetRead>293</NetRead>
		<NetWrite>351</NetWrite>
	</LogDetails>
	<LogDetails>
		<IP>192.168.0.55</IP>
		<CPU>79</CPU>
		<RAM>1</RAM>
		<DiskRead>440</DiskRead>
		<DiskWrite>59</DiskWrite>
		<NetRead>588</NetRead>
		<NetWrite>164</NetWrite>
	</LogDetails>
	<LogDetails>
		<IP>192.168.0.99</IP>
		<CPU>38</CPU>
		<RAM>94</RAM>
		<DiskRead>772</DiskRead>
		<DiskWrite>624</DiskWrite>
		<NetRead>365</NetRead>
		<NetWrite>332</NetWrite>
	</LogDetails>
	<LogDetails>
		<IP>192.168.0.52</IP>
		<CPU>93</CPU>
		<RAM>680</RAM>
		<DiskRead>357</DiskRead>
		<DiskWrite>881</DiskWrite>
		<NetRead>245</NetRead>
		<NetWrite>8</NetWrite>
	</LogDetails>
</LogConfiguration>