<?xml version="1.0" encoding="UTF-8" standalone="no"?><LogConfiguration>
	<LogDetails>
		<IP>192.168.0.92</IP>
		<CPU>29</CPU>
		<RAM>379</RAM>
		<DiskRead>458</DiskRead>
		<DiskWrite>586</DiskWrite>
		<NetRead>862</NetRead>
		<NetWrite>908</NetWrite>
	</LogDetails>
	<LogDetails>
		<IP>192.168.0.92</IP>
		<CPU>40</CPU>
		<RAM>547</RAM>
		<DiskRead>89</DiskRead>
		<DiskWrite>377</DiskWrite>
		<NetRead>932</NetRead>
		<NetWrite>170</NetWrite>
	</LogDetails>
	<LogDetails>
		<IP>192.168.0.48</IP>
		<CPU>2</CPU>
		<RAM>321</RAM>
		<DiskRead>867</DiskRead>
		<DiskWrite>671</DiskWrite>
		<NetRead>615</NetRead>
		<NetWrite>805</NetWrite>
	</LogDetails>
	<LogDetails>
		<IP>192.168.0.48</IP>
		<CPU>51</CPU>
		<RAM>74</RAM>
		<DiskRead>521</DiskRead>
		<DiskWrite>761</DiskWrite>
		<NetRead>453</NetRead>
		<NetWrite>46</NetWrite>
	</LogDetails>
	<LogDetails>
		<IP>192.168.0.48</IP>
		<CPU>37</CPU>
		<RAM>296</RAM>
		<DiskRead>904</DiskRead>
		<DiskWrite>307</DiskWrite>
		<NetRead>684</NetRead>
		<NetWrite>982</NetWrite>
	</LogDetails>
	<LogDetails>
		<IP>192.168.0.92</IP>
		<CPU>40</CPU>
		<RAM>110</RAM>
		<DiskRead>170</DiskRead>
		<DiskWrite>770</DiskWrite>
		<NetRead>526</NetRead>
		<NetWrite>629</NetWrite>
	</LogDetails>
	<LogDetails>
		<IP>192.168.0.92</IP>
		<CPU>86</CPU>
		<RAM>445</RAM>
		<DiskRead>532</DiskRead>
		<DiskWrite>433</DiskWrite>
		<NetRead>28</NetRead>
		<NetWrite>506</NetWrite>
	</LogDetails>
	<LogDetails>
		<IP>192.168.0.99</IP>
		<CPU>60</CPU>
		<RAM>62</RAM>
		<DiskRead>651</DiskRead>
		<DiskWrite>850</DiskWrite>
		<NetRead>99</NetRead>
		<NetWrite>590</NetWrite>
	</LogDetails>
	<LogDetails>
		<IP>192.168.0.55</IP>
		<CPU>46</CPU>
		<RAM>361</RAM>
		<DiskRead>706</DiskRead>
		<DiskWrite>86</DiskWrite>
		<NetRead>408</NetRead>
		<NetWrite>803</NetWrite>
	</LogDetails>
	<LogDetails>
		<IP>192.168.0.52</IP>
		<CPU>68</CPU>
		<RAM>352</RAM>
		<DiskRead>552</DiskRead>
		<DiskWrite>640</DiskWrite>
		<NetRead>464</NetRead>
		<NetWrite>19</NetWrite>
	</LogDetails>
	<LogDetails>
		<IP>192.168.0.92</IP>
		<CPU>55</CPU>
		<RAM>129</RAM>
		<DiskRead>99</DiskRead>
		<DiskWrite>688</DiskWrite>
		<NetRead>871</NetRead>
		<NetWrite>297</NetWrite>
	</LogDetails>
	<LogDetails>
		<IP>192.168.0.55</IP>
		<CPU>30</CPU>
		<RAM>982</RAM>
		<DiskRead>50</DiskRead>
		<DiskWrite>871</DiskWrite>
		<NetRead>511</NetRead>
		<NetWrite>469</NetWrite>
	</LogDetails>
	<LogDetails>
		<IP>192.168.0.52</IP>
		<CPU>46</CPU>
		<RAM>627</RAM>
		<DiskRead>207</DiskRead>
		<DiskWrite>121</DiskWrite>
		<NetRead>953</NetRead>
		<NetWrite>708</NetWrite>
	</LogDetails>
	<LogDetails>
		<IP>192.168.0.52</IP>
		<CPU>67</CPU>
		<RAM>131</RAM>
		<DiskRead>761</DiskRead>
		<DiskWrite>527</DiskWrite>
		<NetRead>991</NetRead>
		<NetWrite>902</NetWrite>
	</LogDetails>
	<LogDetails>
		<IP>192.168.0.52</IP>
		<CPU>73</CPU>
		<RAM>739</RAM>
		<DiskRead>129</DiskRead>
		<DiskWrite>416</DiskWrite>
		<NetRead>538</NetRead>
		<NetWrite>97</NetWrite>
	</LogDetails>
</LogConfiguration>