<?xml version="1.0" encoding="UTF-8" standalone="no"?><LogConfiguration>
	<LogDetails>
		<IP>192.168.0.99</IP>
		<CPU>65</CPU>
		<RAM>531</RAM>
		<DiskRead>428</DiskRead>
		<DiskWrite>299</DiskWrite>
		<NetRead>792</NetRead>
		<NetWrite>761</NetWrite>
	</LogDetails>
	<LogDetails>
		<IP>192.168.0.55</IP>
		<CPU>48</CPU>
		<RAM>159</RAM>
		<DiskRead>323</DiskRead>
		<DiskWrite>977</DiskWrite>
		<NetRead>922</NetRead>
		<NetWrite>845</NetWrite>
	</LogDetails>
	<LogDetails>
		<IP>192.168.0.52</IP>
		<CPU>92</CPU>
		<RAM>422</RAM>
		<DiskRead>678</DiskRead>
		<DiskWrite>996</DiskWrite>
		<NetRead>610</NetRead>
		<NetWrite>580</NetWrite>
	</LogDetails>
	<LogDetails>
		<IP>192.168.0.99</IP>
		<CPU>46</CPU>
		<RAM>444</RAM>
		<DiskRead>937</DiskRead>
		<DiskWrite>547</DiskWrite>
		<NetRead>709</NetRead>
		<NetWrite>761</NetWrite>
	</LogDetails>
	<LogDetails>
		<IP>192.168.0.92</IP>
		<CPU>56</CPU>
		<RAM>224</RAM>
		<DiskRead>897</DiskRead>
		<DiskWrite>915</DiskWrite>
		<NetRead>313</NetRead>
		<NetWrite>779</NetWrite>
	</LogDetails>
	<LogDetails>
		<IP>192.168.0.92</IP>
		<CPU>61</CPU>
		<RAM>825</RAM>
		<DiskRead>569</DiskRead>
		<DiskWrite>865</DiskWrite>
		<NetRead>829</NetRead>
		<NetWrite>787</NetWrite>
	</LogDetails>
	<LogDetails>
		<IP>192.168.0.75</IP>
		<CPU>35</CPU>
		<RAM>337</RAM>
		<DiskRead>942</DiskRead>
		<DiskWrite>128</DiskWrite>
		<NetRead>485</NetRead>
		<NetWrite>597</NetWrite>
	</LogDetails>
	<LogDetails>
		<IP>192.168.0.99</IP>
		<CPU>50</CPU>
		<RAM>541</RAM>
		<DiskRead>554</DiskRead>
		<DiskWrite>289</DiskWrite>
		<NetRead>215</NetRead>
		<NetWrite>774</NetWrite>
	</LogDetails>
	<LogDetails>
		<IP>192.168.0.52</IP>
		<CPU>22</CPU>
		<RAM>994</RAM>
		<DiskRead>770</DiskRead>
		<DiskWrite>942</DiskWrite>
		<NetRead>268</NetRead>
		<NetWrite>978</NetWrite>
	</LogDetails>
	<LogDetails>
		<IP>192.168.0.48</IP>
		<CPU>71</CPU>
		<RAM>84</RAM>
		<DiskRead>964</DiskRead>
		<DiskWrite>726</DiskWrite>
		<NetRead>436</NetRead>
		<NetWrite>879</NetWrite>
	</LogDetails>
	<LogDetails>
		<IP>192.168.0.55</IP>
		<CPU>24</CPU>
		<RAM>552</RAM>
		<DiskRead>598</DiskRead>
		<DiskWrite>600</DiskWrite>
		<NetRead>120</NetRead>
		<NetWrite>743</NetWrite>
	</LogDetails>
	<LogDetails>
		<IP>192.168.0.48</IP>
		<CPU>74</CPU>
		<RAM>969</RAM>
		<DiskRead>791</DiskRead>
		<DiskWrite>596</DiskWrite>
		<NetRead>351</NetRead>
		<NetWrite>269</NetWrite>
	</LogDetails>
	<LogDetails>
		<IP>192.168.0.75</IP>
		<CPU>68</CPU>
		<RAM>190</RAM>
		<DiskRead>912</DiskRead>
		<DiskWrite>347</DiskWrite>
		<NetRead>657</NetRead>
		<NetWrite>117</NetWrite>
	</LogDetails>
	<LogDetails>
		<IP>192.168.0.48</IP>
		<CPU>68</CPU>
		<RAM>140</RAM>
		<DiskRead>773</DiskRead>
		<DiskWrite>202</DiskWrite>
		<NetRead>484</NetRead>
		<NetWrite>794</NetWrite>
	</LogDetails>
	<LogDetails>
		<IP>192.168.0.99</IP>
		<CPU>19</CPU>
		<RAM>937</RAM>
		<DiskRead>216</DiskRead>
		<DiskWrite>550</DiskWrite>
		<NetRead>319</NetRead>
		<NetWrite>335</NetWrite>
	</LogDetails>
</LogConfiguration>